,Neighborhood,Neighborhood Latitude,Neighborhood Longitude,Venue,Venue Latitude,Venue Longitude,Venue Category
0,Blackburn Hamlet / Pine View / Sheffield Glen,45.4242934,-75.5985003,Royal Oak,45.427108543399584,-75.60127174926222,Pub
1,Blackburn Hamlet / Pine View / Sheffield Glen,45.4242934,-75.5985003,Pineview Golf course,45.42359782626504,-75.5988859767091,Golf Course
2,Blackburn Hamlet / Pine View / Sheffield Glen,45.4242934,-75.5985003,Pineview Park,45.423602893617065,-75.59886905939436,Park
3,Blackburn Hamlet / Pine View / Sheffield Glen,45.4242934,-75.5985003,Circle K,45.4269622,-75.6009808,Convenience Store
4,Blackburn Hamlet / Pine View / Sheffield Glen,45.4242934,-75.5985003,Pineview Pizza,45.4271965435111,-75.60127805957728,Pizza Place
5,Britannia /Whitehaven / Bayshore / Pinecrest,45.3616756,-75.7845033,Dairy Queen,45.36359911022458,-75.7901146300947,Ice Cream Shop
6,Britannia /Whitehaven / Bayshore / Pinecrest,45.3616756,-75.7845033,Biagio's Italian Kitchen,45.364542645646814,-75.78826882574074,Italian Restaurant
7,Britannia /Whitehaven / Bayshore / Pinecrest,45.3616756,-75.7845033,Wendy’s,45.36373905161094,-75.78684761188924,Fast Food Restaurant
8,Britannia /Whitehaven / Bayshore / Pinecrest,45.3616756,-75.7845033,Subway,45.364651646890046,-75.78594434703083,Sandwich Place
9,Britannia /Whitehaven / Bayshore / Pinecrest,45.3616756,-75.7845033,Shoppers Drug Mart,45.362917,-75.790231,Pharmacy
10,Britannia /Whitehaven / Bayshore / Pinecrest,45.3616756,-75.7845033,Buster's Bar and Grill,45.364627754767355,-75.78615526443961,Sports Bar
11,Britannia /Whitehaven / Bayshore / Pinecrest,45.3616756,-75.7845033,OC Transpo Bus 96,45.35947735783257,-75.78667821229534,Bus Line
12,Britannia /Whitehaven / Bayshore / Pinecrest,45.3616756,-75.7845033,Il Paradiso Spa & Tanning,45.36430231268764,-75.78660183965019,Spa
13,Britannia /Whitehaven / Bayshore / Pinecrest,45.3616756,-75.7845033,Moores,45.36475104816987,-75.78528741073445,Men's Store
14,Britannia /Whitehaven / Bayshore / Pinecrest,45.3616756,-75.7845033,McDonald's,45.36231518556564,-75.78940797319012,Fast Food Restaurant
15,Navan,45.4293585,-75.4702252,Quality Moving and Packing,45.432246,-75.471458,Home Service
16,Queenswood,45.4769369,-75.5036813,Queenswood Ridge Park,45.47389747137447,-75.50247416445725,Park
17,Queenswood,45.4769369,-75.5036813,Milano Pizzeria,45.47724614188048,-75.49874769256616,Pizza Place
18,Queenswood,45.4769369,-75.5036813,M&M Food Market,45.477347037809025,-75.49844859513314,Grocery Store
19,Queenswood,45.4769369,-75.5036813,Top of the Hill Bakery,45.47736838116357,-75.49830973148346,Bakery
20,Queenswood,45.4769369,-75.5036813,Circle K,45.4772338,-75.4977959,Convenience Store
21,Eastern Nepean: Fisher Heights/ Parkwood Hills / Borden Farm /Pine Glen ,45.343506,-75.716875,Nita Beer Company,45.3419602359503,-75.71618285497904,Brewery
22,Riverview / Hawthorne / Canterbury / Hunt Club Park,45.3882737,-75.61698829999999,Shell,45.38916716368916,-75.61822301686017,Gas Station
23,Riverview / Hawthorne / Canterbury / Hunt Club Park,45.3882737,-75.61698829999999,Metro Elmvale,45.3893311469529,-75.61899438500404,Supermarket
24,Riverview / Hawthorne / Canterbury / Hunt Club Park,45.3882737,-75.61698829999999,Popeye The chef,45.38930689514923,-75.61723633950865,Fried Chicken Joint
25,"Centrepointe, Meadowlands, City View, Craig Henry, Tangelwood, Grenfell Glen, Davidson Heights",45.3217783,-75.734336,some molten fuckhole,45.322313,-75.729104,Nudist Beach
26,"Centrepointe, Meadowlands, City View, Craig Henry, Tangelwood, Grenfell Glen, Davidson Heights",45.3217783,-75.734336,457 the Edge - Nbs Skatepark,45.322397,-75.7283637,Music Venue
27,Alta Vista / Billings Bridge,45.3854424,-75.6698286,Pelican Fishery & Grill,45.3811598616553,-75.67020404852855,Seafood Restaurant
28,Alta Vista / Billings Bridge,45.3854424,-75.6698286,Hometown Sports & Grill,45.38113241261048,-75.6682527938083,Sports Bar
29,Alta Vista / Billings Bridge,45.3854424,-75.6698286,Second Cup,45.38248368312759,-75.67099617899925,Coffee Shop
30,Alta Vista / Billings Bridge,45.3854424,-75.6698286,Farm Boy,45.38135127044929,-75.66994722327462,Grocery Store
31,Alta Vista / Billings Bridge,45.3854424,-75.6698286,Ten Sushi,45.38188981998737,-75.67045539636345,Japanese Restaurant
32,Alta Vista / Billings Bridge,45.3854424,-75.6698286,TD Canada Trust,45.38677646682304,-75.67582364285278,Bank
33,Alta Vista / Billings Bridge,45.3854424,-75.6698286,Bulk Barn,45.38690418049002,-75.67543134431494,Grocery Store
34,Alta Vista / Billings Bridge,45.3854424,-75.6698286,Tootsies Shoe Market,45.3860605,-75.6760279,Shoe Store
35,Bells Corners / Arlington Woods/Redwood / Qualicum / Crystal Beach,45.33092389999999,-75.80647059999998,La Casa Liam Day,45.33042315891936,-75.80859398349067,Gay Bar
36,Bells Corners / Arlington Woods/Redwood / Qualicum / Crystal Beach,45.33092389999999,-75.80647059999998,*Star Fries*,45.33062938318184,-75.81266678536379,Food Truck
37,Bells Corners / Arlington Woods/Redwood / Qualicum / Crystal Beach,45.33092389999999,-75.80647059999998,Baseline and Sandcastle,45.33358068063085,-75.80151251664812,Bus Station
38,Beacon Hill / Cyrville / Carson Grove,45.4438636,-75.60132449999998,Shawarma Prince,45.44573988240333,-75.59634093204161,Middle Eastern Restaurant
39,Barrhaven,45.2678321,-75.76174259999998,T & T Fries,45.269049248367914,-75.76031062918956,Food Truck
40,Barrhaven,45.2678321,-75.76174259999998,Barrhaven Plumbing Services,45.26961632842303,-75.76396107673645,Home Service
41,Barrhaven,45.2678321,-75.76174259999998,pickwick park,45.26610203323858,-75.76599949532714,Park
42,Barrhaven,45.2678321,-75.76174259999998,WordTask Information,45.2652883,-75.766583,Business Service
43,Barrhaven,45.2678321,-75.76174259999998,Houlahan Park,45.26627425420831,-75.7559714250729,Park
44,"Overbrook, Forbes, Manor Park, Viscount Alexander Park, Finter Quarries",45.43949509999999,-75.64218170000001,Host India,45.44234758872026,-75.64172371803855,Indian Restaurant
45,"Overbrook, Forbes, Manor Park, Viscount Alexander Park, Finter Quarries",45.43949509999999,-75.64218170000001,The Beer Store,45.4418187,-75.6447664,Beer Store
46,"Overbrook, Forbes, Manor Park, Viscount Alexander Park, Finter Quarries",45.43949509999999,-75.64218170000001,Farm Boy,45.44255263329308,-75.64456275787926,Grocery Store
47,"Overbrook, Forbes, Manor Park, Viscount Alexander Park, Finter Quarries",45.43949509999999,-75.64218170000001,Hess' Your Independent Grocer,45.441017,-75.643785,Grocery Store
48,"Overbrook, Forbes, Manor Park, Viscount Alexander Park, Finter Quarries",45.43949509999999,-75.64218170000001,TD Canada Trust,45.4408791,-75.6443909,Bank
49,"Overbrook, Forbes, Manor Park, Viscount Alexander Park, Finter Quarries",45.43949509999999,-75.64218170000001,Shoppers Drug Mart,45.44182,-75.646244,Pharmacy
50,"Overbrook, Forbes, Manor Park, Viscount Alexander Park, Finter Quarries",45.43949509999999,-75.64218170000001,McDonald's,45.44186450294266,-75.64348420296136,Fast Food Restaurant
51,"Overbrook, Forbes, Manor Park, Viscount Alexander Park, Finter Quarries",45.43949509999999,-75.64218170000001,RBC Royal Bank,45.44247797352313,-75.6440829555986,Bank
52,"Overbrook, Forbes, Manor Park, Viscount Alexander Park, Finter Quarries",45.43949509999999,-75.64218170000001,Tim Hortons,45.442238366834815,-75.64476370811462,Coffee Shop
53,"Overbrook, Forbes, Manor Park, Viscount Alexander Park, Finter Quarries",45.43949509999999,-75.64218170000001,Harvey's,45.44305028287148,-75.63978630129452,Restaurant
54,"Overbrook, Forbes, Manor Park, Viscount Alexander Park, Finter Quarries",45.43949509999999,-75.64218170000001,Swiss Chalet,45.44103004871579,-75.64556734177057,Restaurant
55,"Overbrook, Forbes, Manor Park, Viscount Alexander Park, Finter Quarries",45.43949509999999,-75.64218170000001,Greek on Wheels,45.44274687513092,-75.64459747190243,Greek Restaurant
56,Beaverbrook / South March,45.3430362,-75.90259619999998,Big Rig Brewery Kanata,45.33981747977253,-75.9014853191863,Brewery
57,Beaverbrook / South March,45.3430362,-75.90259619999998,Crossfit Closer,45.33986762988465,-75.90110587205132,Gym / Fitness Center
58,Beaverbrook / South March,45.3430362,-75.90259619999998,Small Pony Barrel Works,45.339499818921674,-75.90210556983948,Brewery
59,Beaverbrook / South March,45.3430362,-75.90259619999998,Elite Dance Studio,45.33919808852315,-75.90234039571256,Dance Studio
60,Beaverbrook / South March,45.3430362,-75.90259619999998,Greco Lean+Fit,45.339086270584076,-75.90366753300044,Gym / Fitness Center
61,Beaverbrook / South March,45.3430362,-75.90259619999998,La Maison du Kouign-Amann,45.33877,-75.901874,Bakery
62,"Vanier, McKay Lake area",45.439943400000004,-75.66446429999998,Bobbys Table,45.43642468540897,-75.66098561198999,Diner
63,"Vanier, McKay Lake area",45.439943400000004,-75.66446429999998,Great Canadian Poutinerie,45.43664974865869,-75.66480569539316,Poutine Place
64,"Vanier, McKay Lake area",45.439943400000004,-75.66446429999998,LCBO,45.43580617595972,-75.66214300455988,Liquor Store
65,"Vanier, McKay Lake area",45.439943400000004,-75.66446429999998,Cash Money,45.437354962557684,-75.65978988655169,Financial or Legal Service
66,Rockcliffe Park / New Edinburgh,45.446763700000005,-75.68027099999998,Lindenlea Park,45.444749765607455,-75.67652659697015,Park
67,Bridlewood,45.294218,-75.85694409999998,The Works Gourmet Burger Bistro,45.291932,-75.857198,Restaurant
68,Bridlewood,45.294218,-75.85694409999998,Gabriel's Pizza,45.29215681259775,-75.85733119637263,Pizza Place
69,Bridlewood,45.294218,-75.85694409999998,Hurley's Neighbourhood Grill,45.29140281961428,-75.85723328491115,American Restaurant
70,Bridlewood,45.294218,-75.85694409999998,Black Tern Park,45.294053262028044,-75.85391096391777,Park
71,Bridlewood,45.294218,-75.85694409999998,Snap Fitness,45.291889430086435,-75.85783438094359,Gym
72,Bridlewood,45.294218,-75.85694409999998,Mac's,45.2910352,-75.856714,Convenience Store
73,Bridlewood,45.294218,-75.85694409999998,Bridlewood Park,45.29391927470552,-75.86204094931426,Park
74,Lower Town / Byward Market / Sandy Hill / University of Ottawa,45.4279636,-75.6834408,Bytowne Cinema,45.42942,-75.68462,Indie Movie Theater
75,Lower Town / Byward Market / Sandy Hill / University of Ottawa,45.4279636,-75.6834408,Alirang,45.4303135315078,-75.68496957120959,Korean Restaurant
76,Lower Town / Byward Market / Sandy Hill / University of Ottawa,45.4279636,-75.6834408,Swiss Hotel,45.426926934378855,-75.6864956005565,Hotel
77,Lower Town / Byward Market / Sandy Hill / University of Ottawa,45.4279636,-75.6834408,LCBO,45.4287125229312,-75.68639635492767,Liquor Store
78,Lower Town / Byward Market / Sandy Hill / University of Ottawa,45.4279636,-75.6834408,Waller St. Brewing,45.42718717092779,-75.68859076829965,Brewery
79,Lower Town / Byward Market / Sandy Hill / University of Ottawa,45.4279636,-75.6834408,Sitar Indian Restaurant,45.4310089,-75.6816143,Indian Restaurant
80,Lower Town / Byward Market / Sandy Hill / University of Ottawa,45.4279636,-75.6834408,Shawarma Palace,45.431029642922844,-75.68001551623831,Middle Eastern Restaurant
81,Lower Town / Byward Market / Sandy Hill / University of Ottawa,45.4279636,-75.6834408,The Loft Board Game Lounge,45.427159331410515,-75.6885703925006,Café
82,Lower Town / Byward Market / Sandy Hill / University of Ottawa,45.4279636,-75.6834408,The Ottawa Mission,45.4263751,-75.6880967,Hostel
83,Lower Town / Byward Market / Sandy Hill / University of Ottawa,45.4279636,-75.6834408,Vertigo Records,45.42743518354056,-75.68874762143872,Record Shop
84,Lower Town / Byward Market / Sandy Hill / University of Ottawa,45.4279636,-75.6834408,Saffron Restaurant,45.43057777334006,-75.68145314038571,Middle Eastern Restaurant
85,Lower Town / Byward Market / Sandy Hill / University of Ottawa,45.4279636,-75.6834408,Starbucks,45.426682,-75.680043,Coffee Shop
86,Lower Town / Byward Market / Sandy Hill / University of Ottawa,45.4279636,-75.6834408,Laurier House,45.427455344111394,-75.67787999848413,Historic Site
87,Lower Town / Byward Market / Sandy Hill / University of Ottawa,45.4279636,-75.6834408,Benjamin Books,45.423783056094216,-75.68126065320894,Bookstore
88,Downtown,45.421423299999994,-75.698021,Alt Hotel Ottawa,45.41997315577382,-75.69894832209684,Hotel
89,Downtown,45.421423299999994,-75.698021,Cafe Deluxe,45.42174369765377,-75.69631040400665,Café
90,Downtown,45.421423299999994,-75.698021,Sheraton Ottawa Hotel,45.4208462,-75.6977118,Hotel
91,Downtown,45.421423299999994,-75.698021,Riviera,45.423165374158884,-75.69620523362121,Modern European Restaurant
92,Downtown,45.421423299999994,-75.698021,Sansotei Ramen 三草亭,45.41891961658025,-75.69932781411583,Noodle House
93,Downtown,45.421423299999994,-75.698021,Juice Monkey,45.41953670977729,-75.69944471827394,Juice Bar
94,Downtown,45.421423299999994,-75.698021,Mad Radish,45.42161322684433,-75.69672048360431,Theme Restaurant
95,Downtown,45.421423299999994,-75.698021,Ottawa Streat Gourmet,45.42084635549554,-75.69855045716199,Food Truck
96,Downtown,45.421423299999994,-75.698021,Bridgehead,45.419974659292386,-75.69748011721676,Coffee Shop
97,Downtown,45.421423299999994,-75.698021,Northern Lights Sound and Light Show,45.423855675085406,-75.69851976721479,Plaza
98,Downtown,45.421423299999994,-75.698021,Queen St Fare,45.420948,-75.69937,Bar
99,Downtown,45.421423299999994,-75.698021,National War Memorial,45.42390907691309,-75.69522107296996,Memorial Site
100,Downtown,45.421423299999994,-75.698021,Bier Markt,45.42165658472595,-75.69964064662196,Restaurant
101,Downtown,45.421423299999994,-75.698021,National Arts Centre - Equator Coffee,45.423326147491174,-75.69443924047323,Coffee Shop
102,Downtown,45.421423299999994,-75.698021,Angry Dragonz,45.42074485678192,-75.69823212643382,Food Truck
103,Downtown,45.421423299999994,-75.698021,National Arts Centre - Southam Hall,45.422774819434004,-75.6938297857278,Concert Hall
104,Downtown,45.421423299999994,-75.698021,TELUS,45.41958742355808,-75.6994791480437,IT Services
105,Downtown,45.421423299999994,-75.698021,Stroked Ego,45.419286,-75.699698,Men's Store
106,Downtown,45.421423299999994,-75.698021,Starbucks,45.421305,-75.695622,Coffee Shop
107,Downtown,45.421423299999994,-75.698021,National Arts Centre - Centre National des Arts,45.42292207192373,-75.69299633235858,Concert Hall
108,Downtown,45.421423299999994,-75.698021,Cenotaph and Tomb of the Unknown Soldier,45.42387118830077,-75.69531959733061,Monument / Landmark
109,Downtown,45.421423299999994,-75.698021,Clover food | drink,45.41885640238463,-75.6991696357727,Comfort Food Restaurant
110,Downtown,45.421423299999994,-75.698021,Rideau Canal,45.4247808917841,-75.69512872140002,Other Great Outdoors
111,Downtown,45.421423299999994,-75.698021,Bread & Sons Bakery,45.41768026853603,-75.69835152471232,Bakery
112,Downtown,45.421423299999994,-75.698021,Caribbean Sizzler,45.41927376236027,-75.69971538788573,Caribbean Restaurant
113,Downtown,45.421423299999994,-75.698021,Beckta Dining & Wine,45.420566678764104,-75.69271718622218,Restaurant
114,Downtown,45.421423299999994,-75.698021,Confederation Park,45.42206901871169,-75.69251815202041,Park
115,Downtown,45.421423299999994,-75.698021,Downtown YMCA-YWCA,45.42068697171134,-75.69980616482286,Gym
116,Downtown,45.421423299999994,-75.698021,Bridgehead,45.42266344155772,-75.69722035453937,Coffee Shop
117,Downtown,45.421423299999994,-75.698021,Bridgehead,45.420073845150505,-75.70016701301832,Coffee Shop
118,Downtown,45.421423299999994,-75.698021,National Arts Centre - Fourth Stage,45.4229558044292,-75.69467002907791,Concert Hall
119,Downtown,45.421423299999994,-75.698021,D'Arcy McGee's,45.423409256261934,-75.69585093770797,Restaurant
120,Downtown,45.421423299999994,-75.698021,The Scone Witch,45.420009223140475,-75.69345634033205,Café
121,Downtown,45.421423299999994,-75.698021,Grounded,45.419026896811886,-75.69601295563841,Café
122,Downtown,45.421423299999994,-75.698021,Escape Manor,45.420665269693984,-75.70034643341528,Theme Park
123,Downtown,45.421423299999994,-75.698021,Ottawa Locks / Écluses d’Ottawa,45.42570059248777,-75.6963002815094,Historic Site
124,Downtown,45.421423299999994,-75.698021,Ad Mare,45.42010028748938,-75.69780809219424,Food Truck
125,Downtown,45.421423299999994,-75.698021,Shawarma Express,45.42092732628616,-75.69638282060623,Middle Eastern Restaurant
126,Downtown,45.421423299999994,-75.698021,Bytown Museum,45.425807725793014,-75.69730048850654,Museum
127,Downtown,45.421423299999994,-75.698021,Bijou,45.419289743845695,-75.69972956823142,Lounge
128,Downtown,45.421423299999994,-75.698021,GoodLife Fitness Ottawa Queen and Bank,45.421146,-75.700422,Gym
129,Downtown,45.421423299999994,-75.698021,Ottawa Public Library - Main Branch,45.42026371162985,-75.69534202223649,Library
130,Downtown,45.421423299999994,-75.698021,Thai Express,45.421624,-75.697472,Restaurant
131,Downtown,45.421423299999994,-75.698021,Sobeys Urban Fresh Metcalfe,45.418355,-75.693523,Grocery Store
132,Downtown,45.421423299999994,-75.698021,Le Moulin de Provence,45.422286090032685,-75.69698006568451,Café
133,Downtown,45.421423299999994,-75.698021,Tim Hortons,45.4212528,-75.7007798,Coffee Shop
134,Downtown,45.421423299999994,-75.698021,India Palace,45.419410578839354,-75.70201736307658,Indian Restaurant
135,Downtown,45.421423299999994,-75.698021,Winners,45.4218124,-75.6993954,Department Store
136,Downtown,45.421423299999994,-75.698021,Second Cup,45.42099219896665,-75.69545733404408,Coffee Shop
137,Downtown,45.421423299999994,-75.698021,Shoppers Drug Mart,45.421624,-75.697472,Pharmacy
138,Downtown,45.421423299999994,-75.698021,Starbucks,45.419441,-75.697475,Coffee Shop
139,Downtown,45.421423299999994,-75.698021,Swizzles,45.419489849387354,-75.70236734573768,Karaoke Bar
140,Downtown,45.421423299999994,-75.698021,BeaverTails,45.422469820252594,-75.69183554357707,Dessert Shop
141,Downtown,45.421423299999994,-75.698021,Wilfrid's,45.42516125429346,-75.69521635245835,Restaurant
142,Downtown,45.421423299999994,-75.698021,New Generation Sushi,45.4206166178806,-75.69399209009777,Sushi Restaurant
143,Downtown,45.421423299999994,-75.698021,RBC Royal Bank,45.420484691705866,-75.70053844919323,Bank
144,Downtown,45.421423299999994,-75.698021,Starbucks,45.420496,-75.70009,Coffee Shop
145,Downtown,45.421423299999994,-75.698021,Sparks Street Mall,45.422319073337476,-75.69871532170684,Plaza
146,Downtown,45.421423299999994,-75.698021,Japanese Village,45.420336923675265,-75.69464898699768,Japanese Restaurant
147,Downtown,45.421423299999994,-75.698021,Burrito Sensei,45.417637,-75.69813,Sushi Restaurant
148,Downtown,45.421423299999994,-75.698021,Kasbah Village,45.419251,-75.697328,Moroccan Restaurant
149,Downtown,45.421423299999994,-75.698021,Gabriel Pizza,45.42063905846063,-75.69559504954792,Pizza Place
150,Downtown,45.421423299999994,-75.698021,Lord Elgin Hotel,45.4214098064857,-75.69342710224562,Hotel
151,Downtown,45.421423299999994,-75.698021,Green Rebel,45.42072121963156,-75.69980752071004,Salad Place
152,Downtown,45.421423299999994,-75.698021,C'est Japon À Suisha (Suisha Gardens),45.41958376008364,-75.69897699082505,Japanese Restaurant
153,Downtown,45.421423299999994,-75.698021,Second Cup,45.41953367413603,-75.6997828041872,Coffee Shop
154,Downtown,45.421423299999994,-75.698021,Paradise Poké,45.419155,-75.69972,Hawaiian Restaurant
155,Downtown,45.421423299999994,-75.698021,Nando's,45.42223612,-75.69453827,Portuguese Restaurant
156,Downtown,45.421423299999994,-75.698021,Tosca Restaurant,45.418880828620146,-75.69674170798635,Italian Restaurant
157,Downtown,45.421423299999994,-75.698021,Freshii,45.42276576281337,-75.69733243055389,Salad Place
158,Downtown,45.421423299999994,-75.698021,Subway,45.42159194855543,-75.6981729002441,Sandwich Place
159,Downtown,45.421423299999994,-75.698021,RBC Royal Bank,45.423050343358,-75.69672279838727,Bank
160,Downtown,45.421423299999994,-75.698021,Edoko Japanese Steak House,45.4226047189657,-75.69587588310242,Japanese Restaurant
161,Downtown,45.421423299999994,-75.698021,Second Cup,45.41876161583115,-75.69838523638386,Coffee Shop
162,Downtown,45.421423299999994,-75.698021,Tim Hortons,45.41905596744952,-75.69845348596567,Coffee Shop
163,Downtown,45.421423299999994,-75.698021,Express Asian Food,45.41755238422919,-75.69836574591018,Sushi Restaurant
164,Downtown,45.421423299999994,-75.698021,Starbucks,45.41927,-75.69952,Coffee Shop
165,Downtown,45.421423299999994,-75.698021,Compact Music,45.41746880551266,-75.69818609466319,Record Shop
166,Downtown,45.421423299999994,-75.698021,Morning Owl,45.41910483596683,-75.69944569392997,Café
167,Downtown,45.421423299999994,-75.698021,Green Rebel,45.41887562252505,-75.70246528853862,Salad Place
168,Downtown,45.421423299999994,-75.698021,Ralph's Sports Bar & Fat Albert's,45.419402,-75.69666,Sandwich Place
169,Downtown,45.421423299999994,-75.698021,Fandom II,45.420497,-75.694336,Toy / Game Store
170,Downtown,45.421423299999994,-75.698021,TD Canada Trust,45.417728936358934,-75.70167849172321,Bank
171,Downtown,45.421423299999994,-75.698021,Tim Hortons,45.422126544761724,-75.69470375776297,Coffee Shop
172,Downtown,45.421423299999994,-75.698021,Starbucks,45.419697,-75.703859,Coffee Shop
173,Downtown,45.421423299999994,-75.698021,"""SPIN"" Kitchen & Bar",45.419399685016444,-75.70330988607155,Restaurant
174,Downtown,45.421423299999994,-75.698021,ARC The.Hotel,45.4203234,-75.6968678,Hotel
175,Downtown,45.421423299999994,-75.698021,Gooney's Sandwich Works,45.417869556287656,-75.70076452908685,Sandwich Place
176,Downtown,45.421423299999994,-75.698021,Roast 'n Curries,45.417588,-75.698472,Persian Restaurant
177,Downtown,45.421423299999994,-75.698021,Capital Hill Hotel and Suites,45.4218260992711,-75.69583448343467,Hotel
178,Downtown,45.421423299999994,-75.698021,Backdrop,45.41945767284898,-75.6944910684558,Restaurant
179,Downtown,45.421423299999994,-75.698021,New King Shawarma,45.41745893970498,-75.69811263860913,Middle Eastern Restaurant
180,Downtown,45.421423299999994,-75.698021,Subway,45.420747023652666,-75.69600962268356,Sandwich Place
181,Downtown,45.421423299999994,-75.698021,Tim Hortons,45.420604,-75.694617,Coffee Shop
182,Downtown,45.421423299999994,-75.698021,Grill Forty One - G41,45.42176,-75.693811,American Restaurant
183,Downtown,45.421423299999994,-75.698021,Subway,45.418135091727486,-75.70063610394993,Sandwich Place
184,Downtown,45.421423299999994,-75.698021,Starbucks,45.421198691510035,-75.69299619446814,Coffee Shop
185,Downtown,45.421423299999994,-75.698021,Parliamentary Restaurant,45.42466044539341,-75.70041418075562,Restaurant
186,Downtown,45.421423299999994,-75.698021,Royal Oak,45.417836918699656,-75.69855495740474,Pub
187,Downtown,45.421423299999994,-75.698021,Victoria Tower Bell,45.42514236310184,-75.70137977600098,Sculpture Garden
188,Centretown,45.4144453,-75.69033979999998,El Camino,45.414725,-75.687871,Taco Place
189,Centretown,45.4144453,-75.69033979999998,Pure Kitchen,45.415917151004216,-75.68876741514009,Vegetarian / Vegan Restaurant
190,Centretown,45.4144453,-75.69033979999998,The Manx Pub,45.415111502137336,-75.68802171247351,Pub
191,Centretown,45.4144453,-75.69033979999998,Rama Lotus Yoga Centre,45.413512417808136,-75.69281926959428,Yoga Studio
192,Centretown,45.4144453,-75.69033979999998,Canadian Museum of Nature,45.412897832622136,-75.6888443362347,Museum
193,Centretown,45.4144453,-75.69033979999998,Colonnade Pizza,45.415894,-75.691404,Pizza Place
194,Centretown,45.4144453,-75.69033979999998,Town,45.416627250323614,-75.68952441215515,New American Restaurant
195,Centretown,45.4144453,-75.69033979999998,CITIZEN,45.416412,-75.68967,Tapas Restaurant
196,Centretown,45.4144453,-75.69033979999998,Happy Goat Coffee Co,45.41608689362533,-75.6890121102333,Coffee Shop
197,Centretown,45.4144453,-75.69033979999998,Datsun,45.41475023543729,-75.6877838404337,Asian Restaurant
198,Centretown,45.4144453,-75.69033979999998,Charlotte,45.415962,-75.688909,Cocktail Bar
199,Centretown,45.4144453,-75.69033979999998,Whalesbone Oyster House,45.41226847663539,-75.6938561797142,Seafood Restaurant
200,Centretown,45.4144453,-75.69033979999998,Moo Shu Ice Cream & Kitchen,45.41087887028631,-75.69272696971893,Ice Cream Shop
201,Centretown,45.4144453,-75.69033979999998,ThimbleCakes,45.41392986132328,-75.69507674175823,Cupcake Shop
202,Centretown,45.4144453,-75.69033979999998,The Ministry of Coffee,45.41752,-75.69039,Coffee Shop
203,Centretown,45.4144453,-75.69033979999998,Union: Local 613,45.41611158368407,-75.69477930146125,Southern / Soul Food Restaurant
204,Centretown,45.4144453,-75.69033979999998,Pure Yoga Centretown,45.41422127314034,-75.69516744449805,Yoga Studio
205,Centretown,45.4144453,-75.69033979999998,Pure Gelato,45.41565288892049,-75.68848425925115,Dessert Shop
206,Centretown,45.4144453,-75.69033979999998,Elgin Street Diner,45.41502262580002,-75.68792474187102,Diner
207,Centretown,45.4144453,-75.69033979999998,Common Eatery,45.414746,-75.688116,Restaurant
208,Centretown,45.4144453,-75.69033979999998,Perfect Books,45.41812120518331,-75.69053685378098,Bookstore
209,Centretown,45.4144453,-75.69033979999998,Fairouz,45.415847,-75.695466,Middle Eastern Restaurant
210,Centretown,45.4144453,-75.69033979999998,Book Bazaar,45.413491298178165,-75.69291878569815,Bookstore
211,Centretown,45.4144453,-75.69033979999998,Best Western Plus Ottawa Downtown Suites,45.41307429731354,-75.6908564490738,Hotel
212,Centretown,45.4144453,-75.69033979999998,Canadian Museum of Nature Theater,45.412777,-75.6885,Movie Theater
213,Centretown,45.4144453,-75.69033979999998,Sir John A Pub,45.417038598095864,-75.68965873345435,Pub
214,Centretown,45.4144453,-75.69033979999998,Ottawa Curling Club,45.410911699645034,-75.69003688023612,Sports Club
215,Centretown,45.4144453,-75.69033979999998,Gongfu Bao,45.414047,-75.69507,Dumpling Restaurant
216,Centretown,45.4144453,-75.69033979999998,Herb & Spice Food Shop,45.41383383187008,-75.69497042268057,Health Food Store
217,Centretown,45.4144453,-75.69033979999998,Prohibition Public House,45.415921208305726,-75.69548428058623,Gastropub
218,Centretown,45.4144453,-75.69033979999998,Fauna Food + Bar,45.41244044819844,-75.69383057819458,American Restaurant
219,Centretown,45.4144453,-75.69033979999998,Mags & Fags,45.41825781300778,-75.6906421167157,Newsstand
220,Centretown,45.4144453,-75.69033979999998,Whalesbone on Elgin,45.418865,-75.691077,Seafood Restaurant
221,Centretown,45.4144453,-75.69033979999998,Flora Hall Brewing,45.41081413161598,-75.69320937354483,Brewery
222,Centretown,45.4144453,-75.69033979999998,The Buzz Restaurant and Lounge,45.41378319579667,-75.69517407081955,American Restaurant
223,Centretown,45.4144453,-75.69033979999998,Burgers n' Fries Forever,45.41422785086137,-75.69539756775409,Burger Joint
224,Centretown,45.4144453,-75.69033979999998,Beerocracy,45.41560866422036,-75.69537162780762,Beer Bar
225,Centretown,45.4144453,-75.69033979999998,Live on Elgin,45.418775,-75.691212,Other Nightlife
226,Centretown,45.4144453,-75.69033979999998,Vistek,45.41065100110119,-75.69269091639754,Camera Store
227,Centretown,45.4144453,-75.69033979999998,Shoppers Drug Mart,45.411826,-75.692899,Pharmacy
228,Centretown,45.4144453,-75.69033979999998,Taggart Family YMCA,45.411267881451465,-75.68971081280405,Gym
229,Centretown,45.4144453,-75.69033979999998,LCBO,45.41138960194159,-75.69310534493523,Liquor Store
230,Centretown,45.4144453,-75.69033979999998,Starbucks,45.41166223846013,-75.69327326824536,Coffee Shop
231,Centretown,45.4144453,-75.69033979999998,KFC,45.41103449,-75.69332636,Fast Food Restaurant
232,Centretown,45.4144453,-75.69033979999998,The Berryman Pub,45.41096812537971,-75.69288615077397,Bar
233,Centretown,45.4144453,-75.69033979999998,ISÖ Spa Floatation Centre,45.41152,-75.693575,Spa
234,Centretown,45.4144453,-75.69033979999998,Byblos Salon,45.41253538524403,-75.68544134116539,Cosmetics Shop
235,Dalhousie Ward,45.412244799999996,-75.71072640000001,So Good Restaurant,45.41061496849919,-75.70782005739524,Asian Restaurant
236,Dalhousie Ward,45.412244799999996,-75.71072640000001,Phuket Royal Restaurant,45.41063,-75.707767,Thai Restaurant
237,Dalhousie Ward,45.412244799999996,-75.71072640000001,Bubblicity (China Town),45.4104902934235,-75.70803770616388,Tea Room
238,Dalhousie Ward,45.412244799999996,-75.71072640000001,Co cham,45.409879245366376,-75.70983052638047,Vietnamese Restaurant
239,Dalhousie Ward,45.412244799999996,-75.71072640000001,Royal Treasure Restaurant,45.409963151351455,-75.70960041253818,Chinese Restaurant
240,Dalhousie Ward,45.412244799999996,-75.71072640000001,New Pho Bo Ga La,45.41018720983329,-75.7092081759949,Noodle House
241,Dalhousie Ward,45.412244799999996,-75.71072640000001,Ben Ben Restaurant,45.41096968017466,-75.7069015852741,Chinese Restaurant
242,Dalhousie Ward,45.412244799999996,-75.71072640000001,Pho Bo Ga King,45.40990801964131,-75.70971534465956,Vietnamese Restaurant
243,Dalhousie Ward,45.412244799999996,-75.71072640000001,Pho Bo Ga,45.40999262338472,-75.7091360231815,Vietnamese Restaurant
244,Dalhousie Ward,45.412244799999996,-75.71072640000001,Pho Thu Do,45.409803920317884,-75.71005954129292,Vietnamese Restaurant
245,Dalhousie Ward,45.412244799999996,-75.71072640000001,My Sweet Tea Bubble Tea,45.40913288146067,-75.71136340082978,Bubble Tea Shop
246,Dalhousie Ward,45.412244799999996,-75.71072640000001,Bar Robo,45.41108975379429,-75.70650469628426,Café
247,Dalhousie Ward,45.412244799999996,-75.71072640000001,Chatime,45.411354761600286,-75.70585607767593,Bubble Tea Shop
248,Dalhousie Ward,45.412244799999996,-75.71072640000001,Pho Bo Ga 2,45.4089334715706,-75.71233057977754,Vietnamese Restaurant
249,Dalhousie Ward,45.412244799999996,-75.71072640000001,Ginza Ramen,45.40905842987169,-75.71176977336926,Ramen Restaurant
250,Dalhousie Ward,45.412244799999996,-75.71072640000001,Rideau Curling Club,45.41292261643471,-75.70464184773247,Curling Ice
251,Dalhousie Ward,45.412244799999996,-75.71072640000001,Sushi 88,45.411085795395074,-75.70638809686236,Sushi Restaurant
252,Dalhousie Ward,45.412244799999996,-75.71072640000001,Indian Curry House,45.41186553197255,-75.7045179605484,Indian Restaurant
253,Dalhousie Ward,45.412244799999996,-75.71072640000001,Yangtze Restaurant 楊子江酒家,45.41097478172694,-75.70693377124711,Chinese Restaurant
254,Dalhousie Ward,45.412244799999996,-75.71072640000001,Vietnam palace,45.40942115024417,-75.71126176869592,Vietnamese Restaurant
255,Dalhousie Ward,45.412244799999996,-75.71072640000001,Yang Sheng,45.41147119653166,-75.70568020790228,Chinese Restaurant
256,Dalhousie Ward,45.412244799999996,-75.71072640000001,Saigon Boy Noodle House,45.41179581776395,-75.70513555870782,Vietnamese Restaurant
257,Dalhousie Ward,45.412244799999996,-75.71072640000001,Café Orient,45.40947751633931,-75.71077319673326,Chinese Restaurant
258,Dalhousie Ward,45.412244799999996,-75.71072640000001,Jadeland Restaurant,45.41212858397347,-75.70453400146953,Chinese Restaurant
259,Dalhousie Ward,45.412244799999996,-75.71072640000001,Pubwell's,45.4091042,-75.7146599,Pub
260,Dalhousie Ward,45.412244799999996,-75.71072640000001,Koreana,45.4107253,-75.7074882,Korean Restaurant
261,Dalhousie Ward,45.412244799999996,-75.71072640000001,Yimin Dim Sum House,45.40874468888206,-75.71286778542701,Dim Sum Restaurant
262,Dalhousie Ward,45.412244799999996,-75.71072640000001,Kowloon Market 九龍超級市場,45.4105497102172,-75.70771431615029,Grocery Store
263,Dalhousie Ward,45.412244799999996,-75.71072640000001,Petro-Canada,45.411115,-75.705966,Gas Station
264,Dalhousie Ward,45.412244799999996,-75.71072640000001,Mekong Restaurant,45.41194458776544,-75.70473906307436,Asian Restaurant
265,Dalhousie Ward,45.412244799999996,-75.71072640000001,O-Train Station - Pimisi ❶,45.413841,-75.713397,Light Rail Station
266,The Glebe / Old Ottawa South / Old Ottawa East / Carleton University / Dow's Lake area,45.399392999999996,-75.6851768,TD Place Stadium,45.39881304321904,-75.68398441468048,Football Stadium
267,The Glebe / Old Ottawa South / Old Ottawa East / Carleton University / Dow's Lake area,45.399392999999996,-75.6851768,Cineplex Cinemas,45.40042543058546,-75.68341385856377,Movie Theater
268,The Glebe / Old Ottawa South / Old Ottawa East / Carleton University / Dow's Lake area,45.399392999999996,-75.6851768,Kettleman's Bagel Co,45.39986455478269,-75.68658293801577,Bagel Shop
269,The Glebe / Old Ottawa South / Old Ottawa East / Carleton University / Dow's Lake area,45.399392999999996,-75.6851768,Lansdowne Park,45.3999387783117,-75.68382706284903,Park
270,The Glebe / Old Ottawa South / Old Ottawa East / Carleton University / Dow's Lake area,45.399392999999996,-75.6851768,GoodLife Fitness Ottawa Lansdowne Park,45.399084,-75.68393,Gym
271,The Glebe / Old Ottawa South / Old Ottawa East / Carleton University / Dow's Lake area,45.399392999999996,-75.6851768,Aberdeen Pavilion,45.40017822468236,-75.68292246725646,Event Space
272,The Glebe / Old Ottawa South / Old Ottawa East / Carleton University / Dow's Lake area,45.399392999999996,-75.6851768,CRAFT Beer Market,45.39869623226332,-75.68570894285324,Beer Bar
273,The Glebe / Old Ottawa South / Old Ottawa East / Carleton University / Dow's Lake area,45.399392999999996,-75.6851768,JOEY Lansdowne,45.399762528909655,-75.68402601956166,Restaurant
274,The Glebe / Old Ottawa South / Old Ottawa East / Carleton University / Dow's Lake area,45.399392999999996,-75.6851768,La Brioche,45.401015,-75.687199,Bakery
275,The Glebe / Old Ottawa South / Old Ottawa East / Carleton University / Dow's Lake area,45.399392999999996,-75.6851768,Ottawa Farmers' Market,45.400050623545084,-75.68315888186127,Farmers Market
276,The Glebe / Old Ottawa South / Old Ottawa East / Carleton University / Dow's Lake area,45.399392999999996,-75.6851768,The Rowan,45.400042,-75.686616,English Restaurant
277,The Glebe / Old Ottawa South / Old Ottawa East / Carleton University / Dow's Lake area,45.399392999999996,-75.6851768,Jack Astor's,45.40079255375638,-75.68299204152234,Restaurant
278,The Glebe / Old Ottawa South / Old Ottawa East / Carleton University / Dow's Lake area,45.399392999999996,-75.6851768,The Papery,45.40168949562064,-75.6876097023272,Paper / Office Supplies Store
279,The Glebe / Old Ottawa South / Old Ottawa East / Carleton University / Dow's Lake area,45.399392999999996,-75.6851768,Little Victories Glebe,45.40273457511437,-75.68814639785029,Café
280,The Glebe / Old Ottawa South / Old Ottawa East / Carleton University / Dow's Lake area,45.399392999999996,-75.6851768,Whole Foods Market,45.399367725923824,-75.68580586269304,Grocery Store
281,The Glebe / Old Ottawa South / Old Ottawa East / Carleton University / Dow's Lake area,45.399392999999996,-75.6851768,LCBO,45.399310856833594,-75.68586892168426,Liquor Store
282,The Glebe / Old Ottawa South / Old Ottawa East / Carleton University / Dow's Lake area,45.399392999999996,-75.6851768,TD Place Arena,45.39908278605957,-75.68422436714171,Skating Rink
283,The Glebe / Old Ottawa South / Old Ottawa East / Carleton University / Dow's Lake area,45.399392999999996,-75.6851768,Wild Oat Bakery Cafe and Restaurant,45.40254174059937,-75.68803927020227,Vegetarian / Vegan Restaurant
284,The Glebe / Old Ottawa South / Old Ottawa East / Carleton University / Dow's Lake area,45.399392999999996,-75.6851768,Winners,45.4000093875577,-75.6851524114608,Department Store
285,The Glebe / Old Ottawa South / Old Ottawa East / Carleton University / Dow's Lake area,45.399392999999996,-75.6851768,Il Negozio Nicastro,45.40299334396852,-75.68839658361652,Cheese Shop
286,The Glebe / Old Ottawa South / Old Ottawa East / Carleton University / Dow's Lake area,45.399392999999996,-75.6851768,Irene's Pub,45.4006760828715,-75.68690279947687,Pub
287,The Glebe / Old Ottawa South / Old Ottawa East / Carleton University / Dow's Lake area,45.399392999999996,-75.6851768,South St. Burger,45.399197536337915,-75.68462120697158,Burger Joint
288,The Glebe / Old Ottawa South / Old Ottawa East / Carleton University / Dow's Lake area,45.399392999999996,-75.6851768,DAVIDsTEA,45.40276143109511,-75.68841461167415,Tea Room
289,The Glebe / Old Ottawa South / Old Ottawa East / Carleton University / Dow's Lake area,45.399392999999996,-75.6851768,Vons's Bistro,45.40231966878101,-75.68785910337645,French Restaurant
290,The Glebe / Old Ottawa South / Old Ottawa East / Carleton University / Dow's Lake area,45.399392999999996,-75.6851768,107 Fourth Avenue Wine Bar,45.40264177215047,-75.68767669911578,Wine Bar
291,The Glebe / Old Ottawa South / Old Ottawa East / Carleton University / Dow's Lake area,45.399392999999996,-75.6851768,Booster Juice,45.401304,-75.68758,Smoothie Shop
292,The Glebe / Old Ottawa South / Old Ottawa East / Carleton University / Dow's Lake area,45.399392999999996,-75.6851768,TD Canada Trust,45.3991971,-75.6853481,Bank
293,The Glebe / Old Ottawa South / Old Ottawa East / Carleton University / Dow's Lake area,45.399392999999996,-75.6851768,Jericho,45.401918,-75.687881,Middle Eastern Restaurant
294,The Glebe / Old Ottawa South / Old Ottawa East / Carleton University / Dow's Lake area,45.399392999999996,-75.6851768,Running Room,45.400377,-75.686748,Sporting Goods Shop
295,The Glebe / Old Ottawa South / Old Ottawa East / Carleton University / Dow's Lake area,45.399392999999996,-75.6851768,Siam Kitchen,45.39547698064281,-75.68422670196335,Thai Restaurant
296,The Glebe / Old Ottawa South / Old Ottawa East / Carleton University / Dow's Lake area,45.399392999999996,-75.6851768,Milestones,45.400475807955715,-75.68398912639441,Restaurant
297,The Glebe / Old Ottawa South / Old Ottawa East / Carleton University / Dow's Lake area,45.399392999999996,-75.6851768,Sporting Life,45.39959505543275,-75.686075091362,Sporting Goods Shop
298,The Glebe / Old Ottawa South / Old Ottawa East / Carleton University / Dow's Lake area,45.399392999999996,-75.6851768,McDonald's,45.401543,-75.687338,Fast Food Restaurant
299,The Glebe / Old Ottawa South / Old Ottawa East / Carleton University / Dow's Lake area,45.399392999999996,-75.6851768,Rosie's Southern Kitchen & Raw Bar,45.40065269183551,-75.68665892964356,Southern / Soul Food Restaurant
300,The Glebe / Old Ottawa South / Old Ottawa East / Carleton University / Dow's Lake area,45.399392999999996,-75.6851768,The Beer Store,45.4004086,-75.6872143,Beer Store
301,The Glebe / Old Ottawa South / Old Ottawa East / Carleton University / Dow's Lake area,45.399392999999996,-75.6851768,Sunset Grill,45.39955143058971,-75.68504603652784,Breakfast Spot
302,The Glebe / Old Ottawa South / Old Ottawa East / Carleton University / Dow's Lake area,45.399392999999996,-75.6851768,Subway,45.401077557404605,-75.6874591444365,Sandwich Place
303,The Glebe / Old Ottawa South / Old Ottawa East / Carleton University / Dow's Lake area,45.399392999999996,-75.6851768,The French Baker,45.40282199842984,-75.68821824950265,Bakery
304,The Glebe / Old Ottawa South / Old Ottawa East / Carleton University / Dow's Lake area,45.399392999999996,-75.6851768,Starbucks,45.403272,-75.688263,Coffee Shop
305,The Glebe / Old Ottawa South / Old Ottawa East / Carleton University / Dow's Lake area,45.399392999999996,-75.6851768,Cacao 70,45.400184,-75.68449,Café
306,The Glebe / Old Ottawa South / Old Ottawa East / Carleton University / Dow's Lake area,45.399392999999996,-75.6851768,Aroma Espresso Bar,45.39970985490807,-75.68447033679601,Café
307,The Glebe / Old Ottawa South / Old Ottawa East / Carleton University / Dow's Lake area,45.399392999999996,-75.6851768,Pizza Pizza,45.39986371966189,-75.68662124034495,Pizza Place
308,The Glebe / Old Ottawa South / Old Ottawa East / Carleton University / Dow's Lake area,45.399392999999996,-75.6851768,Flapjack's Pancake Shack,45.40283783196871,-75.68766714724299,Food Truck
309,The Glebe / Old Ottawa South / Old Ottawa East / Carleton University / Dow's Lake area,45.399392999999996,-75.6851768,The Barley Mow,45.394997734502994,-75.68397670158198,Pub
310,The Glebe / Old Ottawa South / Old Ottawa East / Carleton University / Dow's Lake area,45.399392999999996,-75.6851768,Octopus Bookstore,45.40278910087822,-75.68876266479492,Bookstore
311,The Glebe / Old Ottawa South / Old Ottawa East / Carleton University / Dow's Lake area,45.399392999999996,-75.6851768,Taj-Mahal,45.400042,-75.68656,Restaurant
312,The Glebe / Old Ottawa South / Old Ottawa East / Carleton University / Dow's Lake area,45.399392999999996,-75.6851768,Arrow & Loon,45.402009163661376,-75.68748091699932,Pub
313,The Glebe / Old Ottawa South / Old Ottawa East / Carleton University / Dow's Lake area,45.399392999999996,-75.6851768,Crust & Crate Public House,45.40028856053602,-75.68359995251306,Gastropub
314,The Glebe / Old Ottawa South / Old Ottawa East / Carleton University / Dow's Lake area,45.399392999999996,-75.6851768,Lindt Chocolate at TD Place,45.3995484,-75.684567,Chocolate Shop
315,The Glebe / Old Ottawa South / Old Ottawa East / Carleton University / Dow's Lake area,45.399392999999996,-75.6851768,Glebe Trotters,45.40122180503692,-75.68753871027248,Shoe Store
316,The Glebe / Old Ottawa South / Old Ottawa East / Carleton University / Dow's Lake area,45.399392999999996,-75.6851768,Lansdowne Baseball Diamond,45.40236733772515,-75.68201085423875,Baseball Field
317,The Glebe / Old Ottawa South / Old Ottawa East / Carleton University / Dow's Lake area,45.399392999999996,-75.6851768,Adishesha Yoga,45.40310561668842,-75.6869201085743,Yoga Studio
318,The Glebe / Old Ottawa South / Old Ottawa East / Carleton University / Dow's Lake area,45.399392999999996,-75.6851768,Reflections Spa (Glebe),45.403246,-75.687914,Spa
319,Stittsville,45.2732592,-75.91849169999998,Bay Brokerage Inc.,45.272036,-75.92188,Business Service
320,Stittsville,45.2732592,-75.91849169999998,Amberwood Golf & Country Club,45.27126608642627,-75.922138130536,Golf Course
321,Blossom Park / Greenboro / Leitrim / Findlay Creek,45.32439309999999,-75.60481159999998,KFC,45.322728,-75.60018,Fast Food Restaurant
322,Blossom Park / Greenboro / Leitrim / Findlay Creek,45.32439309999999,-75.60481159999998,Presidential Properties,45.32433968194559,-75.60500264167784,Construction & Landscaping
323,Blossom Park / Greenboro / Leitrim / Findlay Creek,45.32439309999999,-75.60481159999998,Turtle Park,45.321823,-75.603339,Park
324,Blossom Park / Greenboro / Leitrim / Findlay Creek,45.32439309999999,-75.60481159999998,Westend Windows and Doors,45.32336657935267,-75.60080766677856,Home Service
325,Blossom Park / Greenboro / Leitrim / Findlay Creek,45.32439309999999,-75.60481159999998,Routes Car Rentals,45.32068,-75.608127,Rental Car Location
326,Marchwood,45.31377029999999,-75.9364184,Broughton Park,45.31632,-75.934683,Park
327,Heron Gate / Heron Park / Riverside Park / Hunt Club / Riverside South / YOW,45.3336382,-75.67704520000001,Uplands Community Centre,45.33104976594593,-75.67415729658026,Park
328,Heron Gate / Heron Park / Riverside Park / Hunt Club / Riverside South / YOW,45.3336382,-75.67704520000001,Hertz,45.334569,-75.681588,Rental Car Location
329,Terry Fox / Palladium,45.29913320000001,-75.9150684,Movati Athletic,45.30057646965587,-75.91607565767566,Gym / Fitness Center
330,Terry Fox / Palladium,45.29913320000001,-75.9150684,Costco,45.30264802894597,-75.91291766109889,Warehouse Store
331,Terry Fox / Palladium,45.29913320000001,-75.9150684,Altitude Gym,45.298157,-75.91184,Climbing Gym
332,Terry Fox / Palladium,45.29913320000001,-75.9150684,BDC - Business Development Bank of Canada,45.3006342,-75.9109533,Business Service
333,Terry Fox / Palladium,45.29913320000001,-75.9150684,Stanley's Restaurant,45.29934299745762,-75.91042041778564,American Restaurant
334,Terry Fox / Palladium,45.29913320000001,-75.9150684,burger builder,45.30292370454471,-75.91536103775323,Food Truck
335,Chapel Hill South / Blackburn,45.4408976,-75.522307,Avanti Cleaning Inc,45.438052,-75.519853,Home Service
336,Civic Hospital / Island Park / Hintonburg / Mechanicsville / Champlain Park,45.4021315,-75.72550340000001,Bar Laurel,45.403192,-75.725789,Tapas Restaurant
337,Civic Hospital / Island Park / Hintonburg / Mechanicsville / Champlain Park,45.4021315,-75.72550340000001,Record Centre,45.40278666143567,-75.72569358432791,Record Shop
338,Civic Hospital / Island Park / Hintonburg / Mechanicsville / Champlain Park,45.4021315,-75.72550340000001,Stella Luna Gelato & Café,45.40168988390687,-75.72677180235961,Café
339,Civic Hospital / Island Park / Hintonburg / Mechanicsville / Champlain Park,45.4021315,-75.72550340000001,The Merry Dairy,45.40152682529211,-75.72308839755495,Ice Cream Shop
340,Civic Hospital / Island Park / Hintonburg / Mechanicsville / Champlain Park,45.4021315,-75.72550340000001,Hintonburg Public House,45.40465272451493,-75.72366589812509,Gastropub
341,Civic Hospital / Island Park / Hintonburg / Mechanicsville / Champlain Park,45.4021315,-75.72550340000001,The Ministry of Coffee & Social Affairs,45.4049894928188,-75.72361349154505,Coffee Shop
342,Civic Hospital / Island Park / Hintonburg / Mechanicsville / Champlain Park,45.4021315,-75.72550340000001,Carben,45.402802,-75.725776,New American Restaurant
343,Civic Hospital / Island Park / Hintonburg / Mechanicsville / Champlain Park,45.4021315,-75.72550340000001,Bread by Us,45.403621609742565,-75.72485274099617,Bakery
344,Civic Hospital / Island Park / Hintonburg / Mechanicsville / Champlain Park,45.4021315,-75.72550340000001,SuzyQ Doughnuts,45.40530931156567,-75.72318292679525,Donut Shop
345,Civic Hospital / Island Park / Hintonburg / Mechanicsville / Champlain Park,45.4021315,-75.72550340000001,Wabi Sabi,45.40335533291508,-75.72501757279862,Knitting Store
346,Civic Hospital / Island Park / Hintonburg / Mechanicsville / Champlain Park,45.4021315,-75.72550340000001,Tooth and Nail Brewing Company,45.405418119192504,-75.72277253061266,Brewery
347,Civic Hospital / Island Park / Hintonburg / Mechanicsville / Champlain Park,45.4021315,-75.72550340000001,Tennessy Willems Wood Oven Pizza,45.4031765257542,-75.72513141762839,Pizza Place
348,Civic Hospital / Island Park / Hintonburg / Mechanicsville / Champlain Park,45.4021315,-75.72550340000001,Meat Press,45.406116,-75.72373,Sandwich Place
349,Civic Hospital / Island Park / Hintonburg / Mechanicsville / Champlain Park,45.4021315,-75.72550340000001,Parkdale Market,45.401342763046685,-75.7297682762146,Farmers Market
350,Civic Hospital / Island Park / Hintonburg / Mechanicsville / Champlain Park,45.4021315,-75.72550340000001,10Fourteen,45.40474564342025,-75.72356595310214,Bar
351,Civic Hospital / Island Park / Hintonburg / Mechanicsville / Champlain Park,45.4021315,-75.72550340000001,Pranashanti Yoga Centre,45.40583342365358,-75.72373686683355,Yoga Studio
352,Civic Hospital / Island Park / Hintonburg / Mechanicsville / Champlain Park,45.4021315,-75.72550340000001,Absinthe,45.40010871663487,-75.73054302180924,New American Restaurant
353,Civic Hospital / Island Park / Hintonburg / Mechanicsville / Champlain Park,45.4021315,-75.72550340000001,LCBO,45.40577164826548,-75.72281354974588,Liquor Store
354,Civic Hospital / Island Park / Hintonburg / Mechanicsville / Champlain Park,45.4021315,-75.72550340000001,Bowling West Park Lanes,45.400305,-75.730366,Bowling Alley
355,Civic Hospital / Island Park / Hintonburg / Mechanicsville / Champlain Park,45.4021315,-75.72550340000001,Carleton Tavern,45.40207879144321,-75.72999569996921,Dive Bar
356,Civic Hospital / Island Park / Hintonburg / Mechanicsville / Champlain Park,45.4021315,-75.72550340000001,blumenstudio,45.39880038258385,-75.72785467391112,Café
357,Civic Hospital / Island Park / Hintonburg / Mechanicsville / Champlain Park,45.4021315,-75.72550340000001,Bridgehead,45.404586120267076,-75.72373069882705,Coffee Shop
358,Civic Hospital / Island Park / Hintonburg / Mechanicsville / Champlain Park,45.4021315,-75.72550340000001,Anthony's,45.40014060199908,-75.73094468659933,Pizza Place
359,Civic Hospital / Island Park / Hintonburg / Mechanicsville / Champlain Park,45.4021315,-75.72550340000001,Elmdale Oyster House and Tavern,45.40309107869389,-75.72523040493154,Seafood Restaurant
360,Civic Hospital / Island Park / Hintonburg / Mechanicsville / Champlain Park,45.4021315,-75.72550340000001,Cafe My House,45.40484906017896,-75.72361187393776,Gluten-free Restaurant
361,Civic Hospital / Island Park / Hintonburg / Mechanicsville / Champlain Park,45.4021315,-75.72550340000001,Springroll House Cafe,45.40287305859452,-75.72560188406266,Asian Restaurant
362,Civic Hospital / Island Park / Hintonburg / Mechanicsville / Champlain Park,45.4021315,-75.72550340000001,Blackpepper Urban Pub,45.404729542312644,-75.72366357802031,Bar
363,Civic Hospital / Island Park / Hintonburg / Mechanicsville / Champlain Park,45.4021315,-75.72550340000001,Orange Art Gallery,45.401874083371844,-75.73061638798076,Art Gallery
364,Civic Hospital / Island Park / Hintonburg / Mechanicsville / Champlain Park,45.4021315,-75.72550340000001,Petro-Canada,45.400913,-75.729452,Gas Station
365,Civic Hospital / Island Park / Hintonburg / Mechanicsville / Champlain Park,45.4021315,-75.72550340000001,Rexall Drugstore,45.400421,-75.729475,Pharmacy
366,Civic Hospital / Island Park / Hintonburg / Mechanicsville / Champlain Park,45.4021315,-75.72550340000001,Fil's Diner,45.4005466,-75.7306062,Diner
367,Civic Hospital / Island Park / Hintonburg / Mechanicsville / Champlain Park,45.4021315,-75.72550340000001,Subway,45.40340561602716,-75.72467690700216,Sandwich Place
368,Civic Hospital / Island Park / Hintonburg / Mechanicsville / Champlain Park,45.4021315,-75.72550340000001,Wellington Eatery,45.40491485595703,-75.72352600097656,Diner
369,Civic Hospital / Island Park / Hintonburg / Mechanicsville / Champlain Park,45.4021315,-75.72550340000001,Royal Oak,45.400109855983835,-75.73114111280726,Pub
370,Civic Hospital / Island Park / Hintonburg / Mechanicsville / Champlain Park,45.4021315,-75.72550340000001,Alfa's Diner,45.40396608558761,-75.73112519611665,Diner
371,Westboro / Carlington,45.38224410000001,-75.73882600000002,Playvalue Toys,45.38369963034386,-75.74243714699233,Toy / Game Store
372,Westboro / Carlington,45.38224410000001,-75.73882600000002,Critter Jungle,45.386101202836606,-75.73989761550882,Pet Store
373,Westboro / Carlington,45.38224410000001,-75.73882600000002,Subway,45.38608031625596,-75.7407397469591,Sandwich Place
374,Westboro / Carlington,45.38224410000001,-75.73882600000002,Food Basics,45.386209964770195,-75.73900812864849,Supermarket
375,Westboro / Carlington,45.38224410000001,-75.73882600000002,Hampton Park Plaza,45.38576087292383,-75.74040095365542,Shopping Mall
376,Westboro / Carlington,45.38224410000001,-75.73882600000002,Paper Studio,45.38109703161616,-75.74481520032724,Paper / Office Supplies Store
377,Westboro / Carlington,45.38224410000001,-75.73882600000002,Focus Eye Centre,45.381370954763334,-75.74502217239649,Optical Shop
